Loan_ID,Gender,Married,Dependents,Education,Self_Employed,ApplicantIncome,CoapplicantIncome,LoanAmount,Loan_Amount_Term,Credit_History,Property_Area
LP001002,Male,Yes,0,Graduate,Yes,3000,0,66,360,1,Urban
LP001003,Male,Yes,0,Not Graduate,No,2583,2358,120,360,1,Urban
LP001005,Male,No,0,Graduate,No,6000,0,141,360,1,Urban
LP001006,Male,Yes,2,Graduate,Yes,5417,4196,267,360,1,Urban
LP001008,Male,Yes,0,Not Graduate,No,2333,1516,95,360,1,Urban
LP001011,Male,Yes,3,Graduate,No,3036,2504,158,360,0,Semiurban
LP001013,Male,Yes,2,Graduate,No,4006,1526,168,360,1,Urban
LP001014,Male,Yes,1,Graduate,No,12841,10968,349,360,1,Semiurban
LP001018,Male,Yes,2,Graduate,No,3200,700,70,360,1,Urban
LP001020,Male,Yes,2,Graduate,No,3073,8106,200,360,1,Urban
LP001024,Male,No,0,Graduate,No,1853,2840,114,360,1,Rural
LP001027,Male,Yes,2,Graduate,No,1299,1086,17,120,1,Urban
LP001028,Male,No,0,Graduate,No,4950,0,125,360,1,Urban
LP001029,Female,No,0,Graduate,No,3510,0,76,360,0,Urban
LP001030,Male,Yes,0,Not Graduate,No,4887,0,133,360,1,Rural
LP001032,Male,Yes,0,Not Graduate,No,7660,0,104,360,0,Urban
LP001034,Male,Yes,1,Graduate,No,5955,5625,315,360,1,Urban
LP001036,Male,Yes,0,Not Graduate,No,2600,1911,116,360,0,Semiurban
